{"Modelo": "LSTM", "Tipo": "Classifica\u00e7\u00e3o", "Acur\u00e1cia": 0.0, "Precision": 0.39247735928361943, "Recall": 0.8886832742776481, "F1 Score": 0.512502257988939}